feature	metadata	value	coef	stderr	N	N.not.0	pval	qval
X94c5138a54d79f7a0ae39ee66f53ecb4	Env.feature..abbreviation.	SRF	-0.0167495436264662	0.00502834611419987	321	7	0.000966806156024526	0.196261649672979
